{
  "Agent B (Heuristic Lift)": {
    "mean_training_signed_lift": 0.09454125169279765,
    "mean_activation_count": 75.72066666666667,
    "mean_stability_score": 0.9244699671045422,
    "planted_selection_ratio": 0.25133333333333335
  },
  "Agent C (Evidence Representation)": {
    "mean_training_signed_lift": 0.08942003776694026,
    "mean_activation_count": 75.84933333333333,
    "mean_stability_score": 0.9244090950223853,
    "planted_selection_ratio": 0.21666666666666667
  }
}