{
  "summary": {
    "Agent A (Raw Experience)": {
      "mean_precision": 0.0,
      "mean_lift": 0.0018852891087335765,
      "total_failures": 14,
      "planted_recovery_rate": 1.0,
      "mean_regret": 0.20539245394843608
    },
    "Agent B1 (Max Signed Lift)": {
      "mean_precision": 0.0,
      "mean_lift": 0.09066214106917109,
      "total_failures": 4,
      "planted_recovery_rate": 1.0,
      "mean_regret": 0.11661560198799857
    },
    "Agent B2 (Shrinkage Lift)": {
      "mean_precision": 0.0,
      "mean_lift": 0.06818212117323691,
      "total_failures": 2,
      "planted_recovery_rate": 1.0,
      "mean_regret": 0.1390956218839328
    },
    "Agent B3 (Max Frequency)": {
      "mean_precision": 0.0,
      "mean_lift": 0.002684149016020219,
      "total_failures": 0,
      "planted_recovery_rate": 0.06666666666666667,
      "mean_regret": 0.20459359404114946
    },
    "Agent B4 (Max Stability)": {
      "mean_precision": 0.0,
      "mean_lift": -0.008629060253697694,
      "total_failures": 6,
      "planted_recovery_rate": 0.2,
      "mean_regret": 0.21590680331086737
    },
    "Agent B5 (Composite)": {
      "mean_precision": 0.0,
      "mean_lift": 0.06934945011700125,
      "total_failures": 1,
      "planted_recovery_rate": 1.0,
      "mean_regret": 0.13792829294016845
    },
    "Agent C (Evidence Representation)": {
      "mean_precision": 0.0,
      "mean_lift": 0.06034795050300561,
      "total_failures": 0,
      "planted_recovery_rate": 1.0,
      "mean_regret": 0.1469297925541641
    },
    "Agent D (Matched Random)": {
      "mean_precision": 0.0,
      "mean_lift": -0.020352519388387204,
      "total_failures": 3,
      "planted_recovery_rate": 0.0,
      "mean_regret": 0.22763026244555684
    }
  },
  "pairwise_matched": {
    "Agent A (Raw Experience)": {
      "mean_lift": {
        "mean_diff": 0.058462661394272024,
        "t_stat": 4.7396747694708115,
        "p_value": 2.1406153076733857e-06,
        "cohens_d": 1.2237787632399952,
        "win_tie_loss": "13/0/2"
      },
      "precision": {
        "mean_diff": 0.0,
        "t_stat": 0.0,
        "p_value": 1.0,
        "cohens_d": 0.0,
        "win_tie_loss": "0/15/0"
      }
    },
    "Agent B1 (Max Signed Lift)": {
      "mean_lift": {
        "mean_diff": -0.030314190566165466,
        "t_stat": -1.2455594928510454,
        "p_value": 0.21292616132749917,
        "cohens_d": -0.321602078168177,
        "win_tie_loss": "4/0/11"
      },
      "precision": {
        "mean_diff": 0.0,
        "t_stat": 0.0,
        "p_value": 1.0,
        "cohens_d": 0.0,
        "win_tie_loss": "0/15/0"
      }
    },
    "Agent B2 (Shrinkage Lift)": {
      "mean_lift": {
        "mean_diff": -0.007834170670231292,
        "t_stat": -0.469721283437513,
        "p_value": 0.6385541598351075,
        "cohens_d": -0.12128151387417743,
        "win_tie_loss": "8/0/7"
      },
      "precision": {
        "mean_diff": 0.0,
        "t_stat": 0.0,
        "p_value": 1.0,
        "cohens_d": 0.0,
        "win_tie_loss": "0/15/0"
      }
    },
    "Agent B3 (Max Frequency)": {
      "mean_lift": {
        "mean_diff": 0.0576638014869854,
        "t_stat": 6.0703269326761315,
        "p_value": 1.2765011480440862e-09,
        "cohens_d": 1.567351674419267,
        "win_tie_loss": "13/0/2"
      },
      "precision": {
        "mean_diff": 0.0,
        "t_stat": 0.0,
        "p_value": 1.0,
        "cohens_d": 0.0,
        "win_tie_loss": "0/15/0"
      }
    },
    "Agent B4 (Max Stability)": {
      "mean_lift": {
        "mean_diff": 0.0689770107567033,
        "t_stat": 5.617312845360049,
        "p_value": 1.9395007033161136e-08,
        "cohens_d": 1.4503839400344312,
        "win_tie_loss": "15/0/0"
      },
      "precision": {
        "mean_diff": 0.0,
        "t_stat": 0.0,
        "p_value": 1.0,
        "cohens_d": 0.0,
        "win_tie_loss": "0/15/0"
      }
    },
    "Agent B5 (Composite)": {
      "mean_lift": {
        "mean_diff": -0.009001499613995633,
        "t_stat": -0.6209471889172535,
        "p_value": 0.5346343713029929,
        "cohens_d": -0.16032787477005558,
        "win_tie_loss": "8/0/7"
      },
      "precision": {
        "mean_diff": 0.0,
        "t_stat": 0.0,
        "p_value": 1.0,
        "cohens_d": 0.0,
        "win_tie_loss": "0/15/0"
      }
    },
    "Agent D (Matched Random)": {
      "mean_lift": {
        "mean_diff": 0.0807004698913928,
        "t_stat": 5.497426453760495,
        "p_value": 3.8537395527886755e-08,
        "cohens_d": 1.419429406827633,
        "win_tie_loss": "15/0/0"
      },
      "precision": {
        "mean_diff": 0.0,
        "t_stat": 0.0,
        "p_value": 1.0,
        "cohens_d": 0.0,
        "win_tie_loss": "0/15/0"
      }
    }
  },
  "invocations": [
    {
      "world_id": 1,
      "seed": 1,
      "agent": "Agent A (Raw Experience)",
      "prompt_length": 9650,
      "selections": [
        "prop_signal_stable_up",
        "prop_signal_small_sample_down",
        "prop_signal_deteriorating_down",
        "prop_signal_weak_down",
        "prop_dummy_1_down"
      ],
      "is_valid": true
    },
    {
      "world_id": 1,
      "seed": 1,
      "agent": "Agent C (Evidence Representation)",
      "prompt_length": 6336,
      "selections": [
        "prop_signal_stable_up",
        "prop_signal_deteriorating_down",
        "prop_signal_inverse_down",
        "prop_dummy_7_down",
        "prop_dummy_9_down"
      ],
      "is_valid": true
    },
    {
      "world_id": 1,
      "seed": 2,
      "agent": "Agent A (Raw Experience)",
      "prompt_length": 9666,
      "selections": [
        "prop_signal_stable_up",
        "prop_signal_small_sample_down",
        "prop_signal_deteriorating_down",
        "prop_signal_regime_mismatch_down",
        "prop_signal_weak_down"
      ],
      "is_valid": true
    },
    {
      "world_id": 1,
      "seed": 2,
      "agent": "Agent C (Evidence Representation)",
      "prompt_length": 6338,
      "selections": [
        "prop_signal_stable_up",
        "prop_signal_weak_down",
        "prop_signal_inverse_down",
        "prop_dummy_6_down",
        "prop_dummy_8_down"
      ],
      "is_valid": true
    },
    {
      "world_id": 1,
      "seed": 3,
      "agent": "Agent A (Raw Experience)",
      "prompt_length": 9615,
      "selections": [
        "prop_signal_stable_up",
        "prop_signal_small_sample_down",
        "prop_signal_deteriorating_down",
        "prop_signal_weak_down",
        "prop_dummy_1_down"
      ],
      "is_valid": true
    },
    {
      "world_id": 1,
      "seed": 3,
      "agent": "Agent C (Evidence Representation)",
      "prompt_length": 6336,
      "selections": [
        "prop_signal_stable_up",
        "prop_signal_weak_down",
        "prop_signal_inverse_down",
        "prop_dummy_7_down",
        "prop_dummy_9_down"
      ],
      "is_valid": true
    },
    {
      "world_id": 1,
      "seed": 4,
      "agent": "Agent A (Raw Experience)",
      "prompt_length": 9653,
      "selections": [
        "prop_signal_stable_up",
        "prop_signal_small_sample_down",
        "prop_signal_deteriorating_down",
        "prop_signal_weak_down",
        "prop_signal_inverse_down"
      ],
      "is_valid": true
    },
    {
      "world_id": 1,
      "seed": 4,
      "agent": "Agent C (Evidence Representation)",
      "prompt_length": 6337,
      "selections": [
        "prop_signal_stable_up",
        "prop_signal_deteriorating_down",
        "prop_signal_weak_down",
        "prop_dummy_7_down",
        "prop_dummy_8_down"
      ],
      "is_valid": true
    },
    {
      "world_id": 1,
      "seed": 5,
      "agent": "Agent A (Raw Experience)",
      "prompt_length": 9613,
      "selections": [
        "prop_signal_stable_up",
        "prop_signal_small_sample_down",
        "prop_signal_deteriorating_down",
        "prop_signal_regime_mismatch_down",
        "prop_signal_weak_down"
      ],