{
  "id": "2c29b495-7627-483d-b6fa-c9e650e8f7e5",
  "created_at": "2026-06-30T06:44:26.108102+00:00",
  "step": 18,
  "merged_count": 2,
  "generalized_count": 0,
  "retired_count": 0,
  "restricted_count": 0,
  "knowledge_debt_before": 43.0,
  "knowledge_debt_after": 41.0,
  "coverage_before": 0.0,
  "coverage_after": 0.0,
  "compression_ratio_before": "19\u219219\u21920\u21924\u21921",
  "compression_ratio_after": "19\u219219\u21920\u21922\u21921",
  "summary_text": "Knowledge Reconciliation Summary:\n  \u2022 Merged:       2 candidate(s) collapsed\n  \u2022 Generalized:  0 principle(s) promoted to CANONICAL\n  \u2022 Retired:      0 principle(s) retired\n  \u2022 Restricted:   0 principle(s) restricted/split\n  \u2022 Knowledge Debt: 43.0 \u2192 41.0\n  \u2022 Coverage:      0.0% \u2192 0.0%\n  \u2022 Compression Ratio: 19\u219219\u21920\u21924\u21921 \u2192 19\u219219\u21920\u21922\u21921",
  "principle_compression_ratio": 0.0,
  "distillation_efficiency": 0.3333333333333333,
  "knowledge_density": 0.0,
  "canonical_growth_rate": 0.0
}