{
  "id": "21f3f2c0-28b4-4ea9-a7ea-cf58b1b8b434",
  "created_at": "2026-06-30T06:49:33.444604+00:00",
  "step": 19,
  "merged_count": 3,
  "generalized_count": 0,
  "retired_count": 1,
  "restricted_count": 0,
  "knowledge_debt_before": 21.0,
  "knowledge_debt_after": 24.0,
  "coverage_before": 0.35714285714285715,
  "coverage_after": 0.0,
  "compression_ratio_before": "14\u219214\u21920\u21926\u21921",
  "compression_ratio_after": "14\u219214\u21920\u21922\u21921",
  "summary_text": "Knowledge Reconciliation Summary:\n  \u2022 Merged:       3 candidate(s) collapsed\n  \u2022 Generalized:  0 principle(s) promoted to CANONICAL\n  \u2022 Retired:      1 principle(s) retired\n  \u2022 Restricted:   0 principle(s) restricted/split\n  \u2022 Knowledge Debt: 21.0 \u2192 24.0\n  \u2022 Coverage:      35.7% \u2192 0.0%\n  \u2022 Compression Ratio: 14\u219214\u21920\u21926\u21921 \u2192 14\u219214\u21920\u21922\u21921",
  "principle_compression_ratio": 0.0,
  "distillation_efficiency": 0.3333333333333333,
  "knowledge_density": 0.0,
  "canonical_growth_rate": 0.0
}