{
  "id": "d4dabeab-40b0-4c0d-b457-afb7f1c1b3a6",
  "created_at": "2026-06-30T06:44:46.969208+00:00",
  "step": 18,
  "merged_count": 3,
  "generalized_count": 0,
  "retired_count": 0,
  "restricted_count": 0,
  "knowledge_debt_before": 20.0,
  "knowledge_debt_after": 22.0,
  "coverage_before": 0.3076923076923077,
  "coverage_after": 0.0,
  "compression_ratio_before": "13\u219213\u21920\u21926\u21921",
  "compression_ratio_after": "13\u219213\u21920\u21923\u21921",
  "summary_text": "Knowledge Reconciliation Summary:\n  \u2022 Merged:       3 candidate(s) collapsed\n  \u2022 Generalized:  0 principle(s) promoted to CANONICAL\n  \u2022 Retired:      0 principle(s) retired\n  \u2022 Restricted:   0 principle(s) restricted/split\n  \u2022 Knowledge Debt: 20.0 \u2192 22.0\n  \u2022 Coverage:      30.8% \u2192 0.0%\n  \u2022 Compression Ratio: 13\u219213\u21920\u21926\u21921 \u2192 13\u219213\u21920\u21923\u21921",
  "principle_compression_ratio": 0.0,
  "distillation_efficiency": 0.3333333333333333,
  "knowledge_density": 0.0,
  "canonical_growth_rate": 0.0
}