{
  "id": "fed75c2e-aafc-4873-b607-1305d4b74476",
  "created_at": "2026-06-30T06:58:55.996566+00:00",
  "step": 21,
  "merged_count": 2,
  "generalized_count": 0,
  "retired_count": 0,
  "restricted_count": 0,
  "knowledge_debt_before": 33.0,
  "knowledge_debt_after": 31.0,
  "coverage_before": 0.0,
  "coverage_after": 0.0,
  "compression_ratio_before": "16\u219216\u21920\u21925\u21921",
  "compression_ratio_after": "16\u219216\u21920\u21923\u21921",
  "summary_text": "Knowledge Reconciliation Summary:\n  \u2022 Merged:       2 candidate(s) collapsed\n  \u2022 Generalized:  0 principle(s) promoted to CANONICAL\n  \u2022 Retired:      0 principle(s) retired\n  \u2022 Restricted:   0 principle(s) restricted/split\n  \u2022 Knowledge Debt: 33.0 \u2192 31.0\n  \u2022 Coverage:      0.0% \u2192 0.0%\n  \u2022 Compression Ratio: 16\u219216\u21920\u21925\u21921 \u2192 16\u219216\u21920\u21923\u21921",
  "principle_compression_ratio": 0.0,
  "distillation_efficiency": 0.2857142857142857,
  "knowledge_density": 0.0,
  "canonical_growth_rate": 0.0
}